Feature,Category1,Category2,JS_Distance
MolWt,ori,gen_250211_database_allmolecules_main_2_22_confps_timepred_2_22_confps_sinexplicit,0.08570069432678472
MolWt,ori,jtvae,0.4145791117296089
MolWt,ori,digress,0.14206967763729783
MolWt,ori,defog_strict,0.16473645227230135
MolWt,ori,defog_relaxed,0.15540744107231766
MolWt,gen_250211_database_allmolecules_main_2_22_confps_timepred_2_22_confps_sinexplicit,jtvae,0.4981332783576092
MolWt,gen_250211_database_allmolecules_main_2_22_confps_timepred_2_22_confps_sinexplicit,digress,0.08000927802013046
MolWt,gen_250211_database_allmolecules_main_2_22_confps_timepred_2_22_confps_sinexplicit,defog_strict,0.09973964855219375
MolWt,gen_250211_database_allmolecules_main_2_22_confps_timepred_2_22_confps_sinexplicit,defog_relaxed,0.09030708256543504
MolWt,jtvae,digress,0.3276664012545866
MolWt,jtvae,defog_strict,0.34357517728012815
MolWt,jtvae,defog_relaxed,0.33884479128025996
MolWt,digress,defog_strict,0.06046019284438809
MolWt,digress,defog_relaxed,0.050846783126603415
MolWt,defog_strict,defog_relaxed,0.012799794447539025
ExactMolWt,ori,gen_250211_database_allmolecules_main_2_22_confps_timepred_2_22_confps_sinexplicit,0.08664538438683514
ExactMolWt,ori,jtvae,0.4137434470189905
ExactMolWt,ori,digress,0.14322827585954082
ExactMolWt,ori,defog_strict,0.16555961939401617
ExactMolWt,ori,defog_relaxed,0.15628180049812604
ExactMolWt,gen_250211_database_allmolecules_main_2_22_confps_timepred_2_22_confps_sinexplicit,jtvae,0.4980359637764916
ExactMolWt,gen_250211_database_allmolecules_main_2_22_confps_timepred_2_22_confps_sinexplicit,digress,0.08018886822198769
ExactMolWt,gen_250211_database_allmolecules_main_2_22_confps_timepred_2_22_confps_sinexplicit,defog_strict,0.10010835821732222
ExactMolWt,gen_250211_database_allmolecules_main_2_22_confps_timepred_2_22_confps_sinexplicit,defog_relaxed,0.0908124683654289
ExactMolWt,jtvae,digress,0.32536734095415176
ExactMolWt,jtvae,defog_strict,0.3411749146209485
ExactMolWt,jtvae,defog_relaxed,0.3363543449076568
ExactMolWt,digress,defog_strict,0.060141308477833416
ExactMolWt,digress,defog_relaxed,0.050595536210020595
ExactMolWt,defog_strict,defog_relaxed,0.012827869458727397
HeavyAtomCount,ori,gen_250211_database_allmolecules_main_2_22_confps_timepred_2_22_confps_sinexplicit,0.1358697082343269
HeavyAtomCount,ori,jtvae,0.4359376571913278
HeavyAtomCount,ori,digress,0.188417931844135
HeavyAtomCount,ori,defog_strict,0.1889432478897886
HeavyAtomCount,ori,defog_relaxed,0.18198580545826792
HeavyAtomCount,gen_250211_database_allmolecules_main_2_22_confps_timepred_2_22_confps_sinexplicit,jtvae,0.47031665967336594
HeavyAtomCount,gen_250211_database_allmolecules_main_2_22_confps_timepred_2_22_confps_sinexplicit,digress,0.0830312049731633
HeavyAtomCount,gen_250211_database_allmolecules_main_2_22_confps_timepred_2_22_confps_sinexplicit,defog_strict,0.08003195314884055
HeavyAtomCount,gen_250211_database_allmolecules_main_2_22_confps_timepred_2_22_confps_sinexplicit,defog_relaxed,0.07420989565221402
HeavyAtomCount,jtvae,digress,0.3468880773645553
HeavyAtomCount,jtvae,defog_strict,0.3584110228052004
HeavyAtomCount,jtvae,defog_relaxed,0.35181074070518514
HeavyAtomCount,digress,defog_strict,0.041858318465475185
HeavyAtomCount,digress,defog_relaxed,0.03478855694460323
HeavyAtomCount,defog_strict,defog_relaxed,0.013445136900056326
NumValenceElectrons,ori,gen_250211_database_allmolecules_main_2_22_confps_timepred_2_22_confps_sinexplicit,0.11164520882009535
NumValenceElectrons,ori,jtvae,0.42194195398843526
NumValenceElectrons,ori,digress,0.15635430287177549
NumValenceElectrons,ori,defog_strict,0.16666854565299033
NumValenceElectrons,ori,defog_relaxed,0.15692593868017155
NumValenceElectrons,gen_250211_database_allmolecules_main_2_22_confps_timepred_2_22_confps_sinexplicit,jtvae,0.46526902045505103
NumValenceElectrons,gen_250211_database_allmolecules_main_2_22_confps_timepred_2_22_confps_sinexplicit,digress,0.0740989176990146
NumValenceElectrons,gen_250211_database_allmolecules_main_2_22_confps_timepred_2_22_confps_sinexplicit,defog_strict,0.08096668071453685
NumValenceElectrons,gen_250211_database_allmolecules_main_2_22_confps_timepred_2_22_confps_sinexplicit,defog_relaxed,0.07361872889581061
NumValenceElectrons,jtvae,digress,0.3455269697930008
NumValenceElectrons,jtvae,defog_strict,0.3569452140443869
NumValenceElectrons,jtvae,defog_relaxed,0.3502255047204889
NumValenceElectrons,digress,defog_strict,0.046271180693056226
NumValenceElectrons,digress,defog_relaxed,0.03680202242497939
NumValenceElectrons,defog_strict,defog_relaxed,0.014244566885457896
NHOHCount,ori,gen_250211_database_allmolecules_main_2_22_confps_timepred_2_22_confps_sinexplicit,0.18977344300449053
NHOHCount,ori,jtvae,0.054270761630453405
NHOHCount,ori,digress,0.05935677026855937
NHOHCount,ori,defog_strict,0.04371699116068303
NHOHCount,ori,defog_relaxed,0.04401886044150502
NHOHCount,gen_250211_database_allmolecules_main_2_22_confps_timepred_2_22_confps_sinexplicit,jtvae,0.20030039130531269
NHOHCount,gen_250211_database_allmolecules_main_2_22_confps_timepred_2_22_confps_sinexplicit,digress,0.18194111602600208
NHOHCount,gen_250211_database_allmolecules_main_2_22_confps_timepred_2_22_confps_sinexplicit,defog_strict,0.17810195032675813
NHOHCount,gen_250211_database_allmolecules_main_2_22_confps_timepred_2_22_confps_sinexplicit,defog_relaxed,0.19409621244998665
NHOHCount,jtvae,digress,0.09324740229574269
NHOHCount,jtvae,defog_strict,0.07068963605502125
NHOHCount,jtvae,defog_relaxed,0.07692161883447007
NHOHCount,digress,defog_strict,0.030803412021243384
NHOHCount,digress,defog_relaxed,0.027651772209042098
NHOHCount,defog_strict,defog_relaxed,0.021272063730646936
NOCount,ori,gen_250211_database_allmolecules_main_2_22_confps_timepred_2_22_confps_sinexplicit,0.09273228156542604
NOCount,ori,jtvae,0.23905747069315186
NOCount,ori,digress,0.1436680172232349
NOCount,ori,defog_strict,0.15612011107859095
NOCount,ori,defog_relaxed,0.1685438933173304
NOCount,gen_250211_database_allmolecules_main_2_22_confps_timepred_2_22_confps_sinexplicit,jtvae,0.2474381922859073
NOCount,gen_250211_database_allmolecules_main_2_22_confps_timepred_2_22_confps_sinexplicit,digress,0.06900027636898082
NOCount,gen_250211_database_allmolecules_main_2_22_confps_timepred_2_22_confps_sinexplicit,defog_strict,0.07606450318815638
NOCount,gen_250211_database_allmolecules_main_2_22_confps_timepred_2_22_confps_sinexplicit,defog_relaxed,0.08444450580900123
NOCount,jtvae,digress,0.22244244672222876
NOCount,jtvae,defog_strict,0.2421111238439812
NOCount,jtvae,defog_relaxed,0.2587883016605244
NOCount,digress,defog_strict,0.025959081490938018
NOCount,digress,defog_relaxed,0.047365024597874075
NOCount,defog_strict,defog_relaxed,0.026247971751092423
FractionCSP3,ori,gen_250211_database_allmolecules_main_2_22_confps_timepred_2_22_confps_sinexplicit,0.1072129641492646
FractionCSP3,ori,jtvae,0.1649326958991736
FractionCSP3,ori,digress,0.1373368961819474
FractionCSP3,ori,defog_strict,0.1257217141937117
FractionCSP3,ori,defog_relaxed,0.13742405998947593
FractionCSP3,gen_250211_database_allmolecules_main_2_22_confps_timepred_2_22_confps_sinexplicit,jtvae,0.1527017998933127
FractionCSP3,gen_250211_database_allmolecules_main_2_22_confps_timepred_2_22_confps_sinexplicit,digress,0.07792184749194123
FractionCSP3,gen_250211_database_allmolecules_main_2_22_confps_timepred_2_22_confps_sinexplicit,defog_strict,0.0511023215153671
FractionCSP3,gen_250211_database_allmolecules_main_2_22_confps_timepred_2_22_confps_sinexplicit,defog_relaxed,0.05180176387371255
FractionCSP3,jtvae,digress,0.1104376590066252
FractionCSP3,jtvae,defog_strict,0.12430817789231001
FractionCSP3,jtvae,defog_relaxed,0.13773972177309493
FractionCSP3,digress,defog_strict,0.03821876445518871
FractionCSP3,digress,defog_relaxed,0.05008021287546511
FractionCSP3,defog_strict,defog_relaxed,0.020432926404238768
qed,ori,gen_250211_database_allmolecules_main_2_22_confps_timepred_2_22_confps_sinexplicit,0.10122002638882956
qed,ori,jtvae,0.38544029006444147
qed,ori,digress,0.0969423873505549
qed,ori,defog_strict,0.07467257395147917
qed,ori,defog_relaxed,0.08053428578212196
qed,gen_250211_database_allmolecules_main_2_22_confps_timepred_2_22_confps_sinexplicit,jtvae,0.4686848611692986
qed,gen_250211_database_allmolecules_main_2_22_confps_timepred_2_22_confps_sinexplicit,digress,0.03774131491861922
qed,gen_250211_database_allmolecules_main_2_22_confps_timepred_2_22_confps_sinexplicit,defog_strict,0.045989014887644654
qed,gen_250211_database_allmolecules_main_2_22_confps_timepred_2_22_confps_sinexplicit,defog_relaxed,0.04327739535922565
qed,jtvae,digress,0.44587184150191717
qed,jtvae,defog_strict,0.42375663404985164
qed,jtvae,defog_relaxed,0.4287996303054671
qed,digress,defog_strict,0.037509013497896954
qed,digress,defog_relaxed,0.03739657519686308
qed,defog_strict,defog_relaxed,0.008471091160444621
BalabanJ,ori,gen_250211_database_allmolecules_main_2_22_confps_timepred_2_22_confps_sinexplicit,0.06331795305704395
BalabanJ,ori,jtvae,0.170157534147384
BalabanJ,ori,digress,0.1505064607228066
BalabanJ,ori,defog_strict,0.17518793650933454
BalabanJ,ori,defog_relaxed,0.14516818067292975
BalabanJ,gen_250211_database_allmolecules_main_2_22_confps_timepred_2_22_confps_sinexplicit,jtvae,0.1695060855811731
BalabanJ,gen_250211_database_allmolecules_main_2_22_confps_timepred_2_22_confps_sinexplicit,digress,0.10209260118294095
BalabanJ,gen_250211_database_allmolecules_main_2_22_confps_timepred_2_22_confps_sinexplicit,defog_strict,0.10771708133962474
BalabanJ,gen_250211_database_allmolecules_main_2_22_confps_timepred_2_22_confps_sinexplicit,defog_relaxed,0.09417194550978168
BalabanJ,jtvae,digress,0.15718618377168164
BalabanJ,jtvae,defog_strict,0.21425984817070123
BalabanJ,jtvae,defog_relaxed,0.19944812463855385
BalabanJ,digress,defog_strict,0.07438187318525659
BalabanJ,digress,defog_relaxed,0.06228466829732543
BalabanJ,defog_strict,defog_relaxed,0.07986165529629886
NumHDonors,ori,gen_250211_database_allmolecules_main_2_22_confps_timepred_2_22_confps_sinexplicit,0.18700978472498714
NumHDonors,ori,jtvae,0.04275464653486056
NumHDonors,ori,digress,0.0710383609023966
NumHDonors,ori,defog_strict,0.057016060647111816
NumHDonors,ori,defog_relaxed,0.07176068777524558
NumHDonors,gen_250211_database_allmolecules_main_2_22_confps_timepred_2_22_confps_sinexplicit,jtvae,0.20390520306379742
NumHDonors,gen_250211_database_allmolecules_main_2_22_confps_timepred_2_22_confps_sinexplicit,digress,0.18080309254115826
NumHDonors,gen_250211_database_allmolecules_main_2_22_confps_timepred_2_22_confps_sinexplicit,defog_strict,0.18043183277223862
NumHDonors,gen_250211_database_allmolecules_main_2_22_confps_timepred_2_22_confps_sinexplicit,defog_relaxed,0.19728612210401433
NumHDonors,jtvae,digress,0.10499975349201106
NumHDonors,jtvae,defog_strict,0.09171445518261855
NumHDonors,jtvae,defog_relaxed,0.10385034161064409
NumHDonors,digress,defog_strict,0.01760895649818486
NumHDonors,digress,defog_relaxed,0.021314626977362663
NumHDonors,defog_strict,defog_relaxed,0.023173582609491487
NumHAcceptors,ori,gen_250211_database_allmolecules_main_2_22_confps_timepred_2_22_confps_sinexplicit,0.05122314517522615
NumHAcceptors,ori,jtvae,0.1473516134783816
NumHAcceptors,ori,digress,0.15279780306805002
NumHAcceptors,ori,defog_strict,0.1402629349479498
NumHAcceptors,ori,defog_relaxed,0.13643029944360477
NumHAcceptors,gen_250211_database_allmolecules_main_2_22_confps_timepred_2_22_confps_sinexplicit,jtvae,0.17001316900227045
NumHAcceptors,gen_250211_database_allmolecules_main_2_22_confps_timepred_2_22_confps_sinexplicit,digress,0.11364652814599022
NumHAcceptors,gen_250211_database_allmolecules_main_2_22_confps_timepred_2_22_confps_sinexplicit,defog_strict,0.10378148889155377
NumHAcceptors,gen_250211_database_allmolecules_main_2_22_confps_timepred_2_22_confps_sinexplicit,defog_relaxed,0.098944913166647
NumHAcceptors,jtvae,digress,0.21360999818497783
NumHAcceptors,jtvae,defog_strict,0.20817202898511042
NumHAcceptors,jtvae,defog_relaxed,0.2036060791498107
NumHAcceptors,digress,defog_strict,0.022776156609307485
NumHAcceptors,digress,defog_relaxed,0.023110418469167802
NumHAcceptors,defog_strict,defog_relaxed,0.008623844481204762
MolLogP,ori,gen_250211_database_allmolecules_main_2_22_confps_timepred_2_22_confps_sinexplicit,0.05809937089703049
MolLogP,ori,jtvae,0.22989504981326112
MolLogP,ori,digress,0.060138194495954034
MolLogP,ori,defog_strict,0.044198357060617324
MolLogP,ori,defog_relaxed,0.040652099362220084
MolLogP,gen_250211_database_allmolecules_main_2_22_confps_timepred_2_22_confps_sinexplicit,jtvae,0.3140713096081306
MolLogP,gen_250211_database_allmolecules_main_2_22_confps_timepred_2_22_confps_sinexplicit,digress,0.05072482812763856
MolLogP,gen_250211_database_allmolecules_main_2_22_confps_timepred_2_22_confps_sinexplicit,defog_strict,0.045635337658947665
MolLogP,gen_250211_database_allmolecules_main_2_22_confps_timepred_2_22_confps_sinexplicit,defog_relaxed,0.055028791482439006
MolLogP,jtvae,digress,0.2772450668072185
MolLogP,jtvae,defog_strict,0.2589430226131334
MolLogP,jtvae,defog_relaxed,0.2523317639272208
MolLogP,digress,defog_strict,0.029676774306462504
MolLogP,digress,defog_relaxed,0.03639890899583523
MolLogP,defog_strict,defog_relaxed,0.013772775109173917
NumRotatableBonds,ori,gen_250211_database_allmolecules_main_2_22_confps_timepred_2_22_confps_sinexplicit,0.085235247733907
NumRotatableBonds,ori,jtvae,0.2505001861240334
NumRotatableBonds,ori,digress,0.07602637730549255
NumRotatableBonds,ori,defog_strict,0.024559091658331776
NumRotatableBonds,ori,defog_relaxed,0.02419210370006367
NumRotatableBonds,gen_250211_database_allmolecules_main_2_22_confps_timepred_2_22_confps_sinexplicit,jtvae,0.2978498006906937
NumRotatableBonds,gen_250211_database_allmolecules_main_2_22_confps_timepred_2_22_confps_sinexplicit,digress,0.045695429785991705
NumRotatableBonds,gen_250211_database_allmolecules_main_2_22_confps_timepred_2_22_confps_sinexplicit,defog_strict,0.10228305503099915
NumRotatableBonds,gen_250211_database_allmolecules_main_2_22_confps_timepred_2_22_confps_sinexplicit,defog_relaxed,0.10154972554108387
NumRotatableBonds,jtvae,digress,0.27474007639196224
NumRotatableBonds,jtvae,defog_strict,0.22720713657269467
NumRotatableBonds,jtvae,defog_relaxed,0.23101019217415522
NumRotatableBonds,digress,defog_strict,0.08807683126538549
NumRotatableBonds,digress,defog_relaxed,0.08546797386721856
NumRotatableBonds,defog_strict,defog_relaxed,0.00867463262102059
TPSA,ori,gen_250211_database_allmolecules_main_2_22_confps_timepred_2_22_confps_sinexplicit,0.040403887351054775
TPSA,ori,jtvae,0.2057862639536507
TPSA,ori,digress,0.1305866956740036
TPSA,ori,defog_strict,0.13071783754840394
TPSA,ori,defog_relaxed,0.14577291882067003
TPSA,gen_250211_database_allmolecules_main_2_22_confps_timepred_2_22_confps_sinexplicit,jtvae,0.20276205113015677
TPSA,gen_250211_database_allmolecules_main_2_22_confps_timepred_2_22_confps_sinexplicit,digress,0.10039177022581347
TPSA,gen_250211_database_allmolecules_main_2_22_confps_timepred_2_22_confps_sinexplicit,defog_strict,0.1019774383281939
TPSA,gen_250211_database_allmolecules_main_2_22_confps_timepred_2_22_confps_sinexplicit,defog_relaxed,0.11769963699569416
TPSA,jtvae,digress,0.21603156556204842
TPSA,jtvae,defog_strict,0.21706789582866529
TPSA,jtvae,defog_relaxed,0.2371534468717488
TPSA,digress,defog_strict,0.020413039458611573
TPSA,digress,defog_relaxed,0.033397495325129194
TPSA,defog_strict,defog_relaxed,0.026098251688934912
NumAromaticRings,ori,gen_250211_database_allmolecules_main_2_22_confps_timepred_2_22_confps_sinexplicit,0.07201908638528594
NumAromaticRings,ori,jtvae,0.22056006955148233
NumAromaticRings,ori,digress,0.14334361549186572
NumAromaticRings,ori,defog_strict,0.13383677540169647
NumAromaticRings,ori,defog_relaxed,0.13010568665969224
NumAromaticRings,gen_250211_database_allmolecules_main_2_22_confps_timepred_2_22_confps_sinexplicit,jtvae,0.2517550286820944
NumAromaticRings,gen_250211_database_allmolecules_main_2_22_confps_timepred_2_22_confps_sinexplicit,digress,0.1021254380932973
NumAromaticRings,gen_250211_database_allmolecules_main_2_22_confps_timepred_2_22_confps_sinexplicit,defog_strict,0.1005859975325825
NumAromaticRings,gen_250211_database_allmolecules_main_2_22_confps_timepred_2_22_confps_sinexplicit,defog_relaxed,0.10153605071107175
NumAromaticRings,jtvae,digress,0.2395390430650993
NumAromaticRings,jtvae,defog_strict,0.22380309988007585
NumAromaticRings,jtvae,defog_relaxed,0.21392514190757964
NumAromaticRings,digress,defog_strict,0.02271764483245241
NumAromaticRings,digress,defog_relaxed,0.03290487953455705
NumAromaticRings,defog_strict,defog_relaxed,0.013663053429263572
NumAliphaticRings,ori,gen_250211_database_allmolecules_main_2_22_confps_timepred_2_22_confps_sinexplicit,0.13286975543404794
NumAliphaticRings,ori,jtvae,0.1161282743295536
NumAliphaticRings,ori,digress,0.13802416232092046
NumAliphaticRings,ori,defog_strict,0.08337509211655893
NumAliphaticRings,ori,defog_relaxed,0.06800261018799514
NumAliphaticRings,gen_250211_database_allmolecules_main_2_22_confps_timepred_2_22_confps_sinexplicit,jtvae,0.23669240061821234
NumAliphaticRings,gen_250211_database_allmolecules_main_2_22_confps_timepred_2_22_confps_sinexplicit,digress,0.06366869571581887
NumAliphaticRings,gen_250211_database_allmolecules_main_2_22_confps_timepred_2_22_confps_sinexplicit,defog_strict,0.07242548669848743
NumAliphaticRings,gen_250211_database_allmolecules_main_2_22_confps_timepred_2_22_confps_sinexplicit,defog_relaxed,0.08031355481349181
NumAliphaticRings,jtvae,digress,0.21942803606291747
NumAliphaticRings,jtvae,defog_strict,0.19094052768452785
NumAliphaticRings,jtvae,defog_relaxed,0.1764720079109449
NumAliphaticRings,digress,defog_strict,0.08077846683883035
NumAliphaticRings,digress,defog_relaxed,0.08771166085154232
NumAliphaticRings,defog_strict,defog_relaxed,0.017177772872416185
RingCount,ori,gen_250211_database_allmolecules_main_2_22_confps_timepred_2_22_confps_sinexplicit,0.14075562091933239
RingCount,ori,jtvae,0.23365307245725048
RingCount,ori,digress,0.24020939439938105
RingCount,ori,defog_strict,0.19435897128227936
RingCount,ori,defog_relaxed,0.18189941160496179
RingCount,gen_250211_database_allmolecules_main_2_22_confps_timepred_2_22_confps_sinexplicit,jtvae,0.3101147791613322
RingCount,gen_250211_database_allmolecules_main_2_22_confps_timepred_2_22_confps_sinexplicit,digress,0.11750537703828082
RingCount,gen_250211_database_allmolecules_main_2_22_confps_timepred_2_22_confps_sinexplicit,defog_strict,0.09182322376001159
RingCount,gen_250211_database_allmolecules_main_2_22_confps_timepred_2_22_confps_sinexplicit,defog_relaxed,0.09463697526394076
RingCount,jtvae,digress,0.34150179496008265
RingCount,jtvae,defog_strict,0.30861257203915804
RingCount,jtvae,defog_relaxed,0.2904930264111767
RingCount,digress,defog_strict,0.08144357838001878
RingCount,digress,defog_relaxed,0.09810441213182716
RingCount,defog_strict,defog_relaxed,0.024930276360607222
NumSaturatedRings,ori,gen_250211_database_allmolecules_main_2_22_confps_timepred_2_22_confps_sinexplicit,0.04307670051062547
NumSaturatedRings,ori,jtvae,0.0879404357609734
NumSaturatedRings,ori,digress,0.09081315692272526
NumSaturatedRings,ori,defog_strict,0.07549391996428279
NumSaturatedRings,ori,defog_relaxed,0.06288328577867248
NumSaturatedRings,gen_250211_database_allmolecules_main_2_22_confps_timepred_2_22_confps_sinexplicit,jtvae,0.12106279679899758
NumSaturatedRings,gen_250211_database_allmolecules_main_2_22_confps_timepred_2_22_confps_sinexplicit,digress,0.06262614032789163
NumSaturatedRings,gen_250211_database_allmolecules_main_2_22_confps_timepred_2_22_confps_sinexplicit,defog_strict,0.05427811235114141
NumSaturatedRings,gen_250211_database_allmolecules_main_2_22_confps_timepred_2_22_confps_sinexplicit,defog_relaxed,0.04252198531201992
NumSaturatedRings,jtvae,digress,0.14240725217977138
NumSaturatedRings,jtvae,defog_strict,0.1564524864465522
NumSaturatedRings,jtvae,defog_relaxed,0.14404008397924292
NumSaturatedRings,digress,defog_strict,0.06396052603056554
NumSaturatedRings,digress,defog_relaxed,0.06020703897322991
NumSaturatedRings,defog_strict,defog_relaxed,0.013594667496326531
BertzCT,ori,gen_250211_database_allmolecules_main_2_22_confps_timepred_2_22_confps_sinexplicit,0.14434356503237908
BertzCT,ori,jtvae,0.35296615548995997
BertzCT,ori,digress,0.22574690351294602
BertzCT,ori,defog_strict,0.19608952494948778
BertzCT,ori,defog_relaxed,0.19298985283880138
BertzCT,gen_250211_database_allmolecules_main_2_22_confps_timepred_2_22_confps_sinexplicit,jtvae,0.39505639343052945
BertzCT,gen_250211_database_allmolecules_main_2_22_confps_timepred_2_22_confps_sinexplicit,digress,0.10708283254354428
BertzCT,gen_250211_database_allmolecules_main_2_22_confps_timepred_2_22_confps_sinexplicit,defog_strict,0.06989989166294551
BertzCT,gen_250211_database_allmolecules_main_2_22_confps_timepred_2_22_confps_sinexplicit,defog_relaxed,0.0684876761996906
BertzCT,jtvae,digress,0.3443846923548995
BertzCT,jtvae,defog_strict,0.3462380196832266
BertzCT,jtvae,defog_relaxed,0.3420482503231644
BertzCT,digress,defog_strict,0.04839931658118077
BertzCT,digress,defog_relaxed,0.04730600764044486
BertzCT,defog_strict,defog_relaxed,0.010177113915354781
MolMR,ori,gen_250211_database_allmolecules_main_2_22_confps_timepred_2_22_confps_sinexplicit,0.11211066816266492
MolMR,ori,jtvae,0.3995847284596001
MolMR,ori,digress,0.1493379691823518
MolMR,ori,defog_strict,0.16072645856249437
MolMR,ori,defog_relaxed,0.14613513805271872
MolMR,gen_250211_database_allmolecules_main_2_22_confps_timepred_2_22_confps_sinexplicit,jtvae,0.46592920829599893
MolMR,gen_250211_database_allmolecules_main_2_22_confps_timepred_2_22_confps_sinexplicit,digress,0.06427177946480853
MolMR,gen_250211_database_allmolecules_main_2_22_confps_timepred_2_22_confps_sinexplicit,defog_strict,0.06977732829457979
MolMR,gen_250211_database_allmolecules_main_2_22_confps_timepred_2_22_confps_sinexplicit,defog_relaxed,0.06121568904583587
MolMR,jtvae,digress,0.35068542632398686
MolMR,jtvae,defog_strict,0.3592393673949592
MolMR,jtvae,defog_relaxed,0.35026990569237876
MolMR,digress,defog_strict,0.031188637950978572
MolMR,digress,defog_relaxed,0.025085962313442643
MolMR,defog_strict,defog_relaxed,0.019499630776019725
MaxPartialCharge,ori,gen_250211_database_allmolecules_main_2_22_confps_timepred_2_22_confps_sinexplicit,0.141883299656496
MaxPartialCharge,ori,jtvae,0.1920570524632283
MaxPartialCharge,ori,digress,0.10792639387858835
MaxPartialCharge,ori,defog_strict,0.13324619690330558
MaxPartialCharge,ori,defog_relaxed,0.1379940392185252
MaxPartialCharge,gen_250211_database_allmolecules_main_2_22_confps_timepred_2_22_confps_sinexplicit,jtvae,0.241390889836135
MaxPartialCharge,gen_250211_database_allmolecules_main_2_22_confps_timepred_2_22_confps_sinexplicit,digress,0.12575526145734472
MaxPartialCharge,gen_250211_database_allmolecules_main_2_22_confps_timepred_2_22_confps_sinexplicit,defog_strict,0.12287471743011597
MaxPartialCharge,gen_250211_database_allmolecules_main_2_22_confps_timepred_2_22_confps_sinexplicit,defog_relaxed,0.09966209256847318
MaxPartialCharge,jtvae,digress,0.216782999562808
MaxPartialCharge,jtvae,defog_strict,0.19090969479657965
MaxPartialCharge,jtvae,defog_relaxed,0.2025398628588473
MaxPartialCharge,digress,defog_strict,0.05781397406153606
MaxPartialCharge,digress,defog_relaxed,0.0605695950383388
MaxPartialCharge,defog_strict,defog_relaxed,0.03780096933708617
MinPartialCharge,ori,gen_250211_database_allmolecules_main_2_22_confps_timepred_2_22_confps_sinexplicit,0.05568658138095165
MinPartialCharge,ori,jtvae,0.10159912659473593
MinPartialCharge,ori,digress,0.07307663483462312
MinPartialCharge,ori,defog_strict,0.05300190281602514
MinPartialCharge,ori,defog_relaxed,0.04990870748041105
MinPartialCharge,gen_250211_database_allmolecules_main_2_22_confps_timepred_2_22_confps_sinexplicit,jtvae,0.19597431866241113
MinPartialCharge,gen_250211_database_allmolecules_main_2_22_confps_timepred_2_22_confps_sinexplicit,digress,0.14732554694837097
MinPartialCharge,gen_250211_database_allmolecules_main_2_22_confps_timepred_2_22_confps_sinexplicit,defog_strict,0.1206255411145611
MinPartialCharge,gen_250211_database_allmolecules_main_2_22_confps_timepred_2_22_confps_sinexplicit,defog_relaxed,0.11720250194074762
MinPartialCharge,jtvae,digress,0.20083616309642072
MinPartialCharge,jtvae,defog_strict,0.16271938644633635
MinPartialCharge,jtvae,defog_relaxed,0.16506487681494184
MinPartialCharge,digress,defog_strict,0.06231630922042362
MinPartialCharge,digress,defog_relaxed,0.06527363288865391
MinPartialCharge,defog_strict,defog_relaxed,0.01663076216627677
MaxAbsPartialCharge,ori,gen_250211_database_allmolecules_main_2_22_confps_timepred_2_22_confps_sinexplicit,0.03946025730335611
MaxAbsPartialCharge,ori,jtvae,0.09227516177225455
MaxAbsPartialCharge,ori,digress,0.07397304018542052
MaxAbsPartialCharge,ori,defog_strict,0.061861757319629763
MaxAbsPartialCharge,ori,defog_relaxed,0.06024561597056014
MaxAbsPartialCharge,gen_250211_database_allmolecules_main_2_22_confps_timepred_2_22_confps_sinexplicit,jtvae,0.17852192791008767
MaxAbsPartialCharge,gen_250211_database_allmolecules_main_2_22_confps_timepred_2_22_confps_sinexplicit,digress,0.14169651664880653
MaxAbsPartialCharge,gen_250211_database_allmolecules_main_2_22_confps_timepred_2_22_confps_sinexplicit,defog_strict,0.11630769607088468
MaxAbsPartialCharge,gen_250211_database_allmolecules_main_2_22_confps_timepred_2_22_confps_sinexplicit,defog_relaxed,0.1137795738217071
MaxAbsPartialCharge,jtvae,digress,0.2109311433322161
MaxAbsPartialCharge,jtvae,defog_strict,0.1815943319555325
MaxAbsPartialCharge,jtvae,defog_relaxed,0.177262781711966
MaxAbsPartialCharge,digress,defog_strict,0.0596246979874402
MaxAbsPartialCharge,digress,defog_relaxed,0.06215446759171217
MaxAbsPartialCharge,defog_strict,defog_relaxed,0.014553363596577771
MinAbsPartialCharge,ori,gen_250211_database_allmolecules_main_2_22_confps_timepred_2_22_confps_sinexplicit,0.14290848632514036
MinAbsPartialCharge,ori,jtvae,0.20211385077222938
MinAbsPartialCharge,ori,digress,0.10561427868895627
MinAbsPartialCharge,ori,defog_strict,0.13209661994196695
MinAbsPartialCharge,ori,defog_relaxed,0.1376918164999402
MinAbsPartialCharge,gen_250211_database_allmolecules_main_2_22_confps_timepred_2_22_confps_sinexplicit,jtvae,0.244410184970227
MinAbsPartialCharge,gen_250211_database_allmolecules_main_2_22_confps_timepred_2_22_confps_sinexplicit,digress,0.1192368831795463
MinAbsPartialCharge,gen_250211_database_allmolecules_main_2_22_confps_timepred_2_22_confps_sinexplicit,defog_strict,0.10715967479533069
MinAbsPartialCharge,gen_250211_database_allmolecules_main_2_22_confps_timepred_2_22_confps_sinexplicit,defog_relaxed,0.08813661053236602
MinAbsPartialCharge,jtvae,digress,0.20630015595585563
MinAbsPartialCharge,jtvae,defog_strict,0.1766462439135091
MinAbsPartialCharge,jtvae,defog_relaxed,0.18658524206037613
MinAbsPartialCharge,digress,defog_strict,0.05355251220489614
MinAbsPartialCharge,digress,defog_relaxed,0.06281455438038634
MinAbsPartialCharge,defog_strict,defog_relaxed,0.03267493686234301
Ipc,ori,gen_250211_database_allmolecules_main_2_22_confps_timepred_2_22_confps_sinexplicit,0.0005887051173758587
Ipc,ori,jtvae,0.0005887051173758587
Ipc,ori,digress,0.0005887051173758587
Ipc,ori,defog_strict,0.0005887051173758587
Ipc,ori,defog_relaxed,0.0005887051173758587
Ipc,gen_250211_database_allmolecules_main_2_22_confps_timepred_2_22_confps_sinexplicit,jtvae,0.01283678709388222
Ipc,gen_250211_database_allmolecules_main_2_22_confps_timepred_2_22_confps_sinexplicit,digress,0.010921541304379875
Ipc,gen_250211_database_allmolecules_main_2_22_confps_timepred_2_22_confps_sinexplicit,defog_strict,0.011645486297199506
Ipc,gen_250211_database_allmolecules_main_2_22_confps_timepred_2_22_confps_sinexplicit,defog_relaxed,0.01245256719853685
Ipc,jtvae,digress,0.32670771431037154
Ipc,jtvae,defog_strict,0.3377065445738251
Ipc,jtvae,defog_relaxed,0.32945667602592477
Ipc,digress,defog_strict,0.013086501256314624
Ipc,digress,defog_relaxed,0.013644414275147435
Ipc,defog_strict,defog_relaxed,0.005143708113209779
EState_VSA1,ori,gen_250211_database_allmolecules_main_2_22_confps_timepred_2_22_confps_sinexplicit,0.028862800764282843
EState_VSA1,ori,jtvae,0.11976938249767258
EState_VSA1,ori,digress,0.064078516045291
EState_VSA1,ori,defog_strict,0.10014801331614652
EState_VSA1,ori,defog_relaxed,0.1037199021289595
EState_VSA1,gen_250211_database_allmolecules_main_2_22_confps_timepred_2_22_confps_sinexplicit,jtvae,0.1433150486319495
EState_VSA1,gen_250211_database_allmolecules_main_2_22_confps_timepred_2_22_confps_sinexplicit,digress,0.049644375768298096
EState_VSA1,gen_250211_database_allmolecules_main_2_22_confps_timepred_2_22_confps_sinexplicit,defog_strict,0.07984067245106746
EState_VSA1,gen_250211_database_allmolecules_main_2_22_confps_timepred_2_22_confps_sinexplicit,defog_relaxed,0.08398909982924636
EState_VSA1,jtvae,digress,0.1727043216635967
EState_VSA1,jtvae,defog_strict,0.21100994458041258
EState_VSA1,jtvae,defog_relaxed,0.21446806822442194
EState_VSA1,digress,defog_strict,0.047902108833062576
EState_VSA1,digress,defog_relaxed,0.049342021914470825
EState_VSA1,defog_strict,defog_relaxed,0.008392476409963342
Chi0,ori,gen_250211_database_allmolecules_main_2_22_confps_timepred_2_22_confps_sinexplicit,0.12066504990692486
Chi0,ori,jtvae,0.434981938921358
Chi0,ori,digress,0.16594306726459102
Chi0,ori,defog_strict,0.17183808896933028
Chi0,ori,defog_relaxed,0.1652383125397117
Chi0,gen_250211_database_allmolecules_main_2_22_confps_timepred_2_22_confps_sinexplicit,jtvae,0.46941400538709954
Chi0,gen_250211_database_allmolecules_main_2_22_confps_timepred_2_22_confps_sinexplicit,digress,0.0714534323409269
Chi0,gen_250211_database_allmolecules_main_2_22_confps_timepred_2_22_confps_sinexplicit,defog_strict,0.0789537693919518
Chi0,gen_250211_database_allmolecules_main_2_22_confps_timepred_2_22_confps_sinexplicit,defog_relaxed,0.07348091675308951
Chi0,jtvae,digress,0.33502334902243885
Chi0,jtvae,defog_strict,0.3376195381214722
Chi0,jtvae,defog_relaxed,0.33222497364753245
Chi0,digress,defog_strict,0.044324161587929574
Chi0,digress,defog_relaxed,0.03747447010609643
Chi0,defog_strict,defog_relaxed,0.011209620322573449
Chi1,ori,gen_250211_database_allmolecules_main_2_22_confps_timepred_2_22_confps_sinexplicit,0.13487662247155827
Chi1,ori,jtvae,0.42967866213408457
Chi1,ori,digress,0.1857964630413352
Chi1,ori,defog_strict,0.18632697604718276
Chi1,ori,defog_relaxed,0.17826907474585632
Chi1,gen_250211_database_allmolecules_main_2_22_confps_timepred_2_22_confps_sinexplicit,jtvae,0.46169403366677814
Chi1,gen_250211_database_allmolecules_main_2_22_confps_timepred_2_22_confps_sinexplicit,digress,0.08157202837648124
Chi1,gen_250211_database_allmolecules_main_2_22_confps_timepred_2_22_confps_sinexplicit,defog_strict,0.07480941160140205
Chi1,gen_250211_database_allmolecules_main_2_22_confps_timepred_2_22_confps_sinexplicit,defog_relaxed,0.06873858383597449
Chi1,jtvae,digress,0.3452768971804654
Chi1,jtvae,defog_strict,0.3572267419708955
Chi1,jtvae,defog_relaxed,0.35047332812850474
Chi1,digress,defog_strict,0.040903092685770547
Chi1,digress,defog_relaxed,0.03367939951261805
Chi1,defog_strict,defog_relaxed,0.014134957864205206
Chi2n,ori,gen_250211_database_allmolecules_main_2_22_confps_timepred_2_22_confps_sinexplicit,0.07795125797443159
Chi2n,ori,jtvae,0.3237711988318181
Chi2n,ori,digress,0.13583745593061416
Chi2n,ori,defog_strict,0.11720805583092005
Chi2n,ori,defog_relaxed,0.10192985783640243
Chi2n,gen_250211_database_allmolecules_main_2_22_confps_timepred_2_22_confps_sinexplicit,jtvae,0.37440767300621214
Chi2n,gen_250211_database_allmolecules_main_2_22_confps_timepred_2_22_confps_sinexplicit,digress,0.08659282593336942
Chi2n,gen_250211_database_allmolecules_main_2_22_confps_timepred_2_22_confps_sinexplicit,defog_strict,0.06178609824158602
Chi2n,gen_250211_database_allmolecules_main_2_22_confps_timepred_2_22_confps_sinexplicit,defog_relaxed,0.056461867723681995
Chi2n,jtvae,digress,0.3657477677051253
Chi2n,jtvae,defog_strict,0.37153507086615045
Chi2n,jtvae,defog_relaxed,0.35665892473814853
Chi2n,digress,defog_strict,0.03731981225522206
Chi2n,digress,defog_relaxed,0.043864706120436976
Chi2n,defog_strict,defog_relaxed,0.020101575622769634
Chi3n,ori,gen_250211_database_allmolecules_main_2_22_confps_timepred_2_22_confps_sinexplicit,0.08485677289441623
Chi3n,ori,jtvae,0.2786133297756028
Chi3n,ori,digress,0.15091469764841775
Chi3n,ori,defog_strict,0.12149975142861179
Chi3n,ori,defog_relaxed,0.10547144672245262
Chi3n,gen_250211_database_allmolecules_main_2_22_confps_timepred_2_22_confps_sinexplicit,jtvae,0.35456134184630095
Chi3n,gen_250211_database_allmolecules_main_2_22_confps_timepred_2_22_confps_sinexplicit,digress,0.10080209950924107
Chi3n,gen_250211_database_allmolecules_main_2_22_confps_timepred_2_22_confps_sinexplicit,defog_strict,0.06164420846351776
Chi3n,gen_250211_database_allmolecules_main_2_22_confps_timepred_2_22_confps_sinexplicit,defog_relaxed,0.05551942986846078
Chi3n,jtvae,digress,0.3657672403080559
Chi3n,jtvae,defog_strict,0.3612841637709134
Chi3n,jtvae,defog_relaxed,0.344532939255012
Chi3n,digress,defog_strict,0.05147278576107423
Chi3n,digress,defog_relaxed,0.06044461230160668
Chi3n,defog_strict,defog_relaxed,0.020280435874417094
Chi0n,ori,gen_250211_database_allmolecules_main_2_22_confps_timepred_2_22_confps_sinexplicit,0.10471456018332526
Chi0n,ori,jtvae,0.3926506330715235
Chi0n,ori,digress,0.13386636787321712
Chi0n,ori,defog_strict,0.1396982232120249
Chi0n,ori,defog_relaxed,0.12729077930265817
Chi0n,gen_250211_database_allmolecules_main_2_22_confps_timepred_2_22_confps_sinexplicit,jtvae,0.4400012584662865
Chi0n,gen_250211_database_allmolecules_main_2_22_confps_timepred_2_22_confps_sinexplicit,digress,0.05881365320699661
Chi0n,gen_250211_database_allmolecules_main_2_22_confps_timepred_2_22_confps_sinexplicit,defog_strict,0.05730296172606076
Chi0n,gen_250211_database_allmolecules_main_2_22_confps_timepred_2_22_confps_sinexplicit,defog_relaxed,0.05293304033314152
Chi0n,jtvae,digress,0.3380992359426493
Chi0n,jtvae,defog_strict,0.34697305120485583
Chi0n,jtvae,defog_relaxed,0.33945382922968276
Chi0n,digress,defog_strict,0.030611294899143868
Chi0n,digress,defog_relaxed,0.025858072581910394
Chi0n,defog_strict,defog_relaxed,0.018075840150821997
SlogP_VSA1,ori,gen_250211_database_allmolecules_main_2_22_confps_timepred_2_22_confps_sinexplicit,0.05547428233301283
SlogP_VSA1,ori,jtvae,0.07797161001430188
SlogP_VSA1,ori,digress,0.052709871708567675
SlogP_VSA1,ori,defog_strict,0.06997833014493306
SlogP_VSA1,ori,defog_relaxed,0.06251145812645657
SlogP_VSA1,gen_250211_database_allmolecules_main_2_22_confps_timepred_2_22_confps_sinexplicit,jtvae,0.14590719736537303
SlogP_VSA1,gen_250211_database_allmolecules_main_2_22_confps_timepred_2_22_confps_sinexplicit,digress,0.08786869962831671
SlogP_VSA1,gen_250211_database_allmolecules_main_2_22_confps_timepred_2_22_confps_sinexplicit,defog_strict,0.1033278135431162
SlogP_VSA1,gen_250211_database_allmolecules_main_2_22_confps_timepred_2_22_confps_sinexplicit,defog_relaxed,0.09721206976754247
SlogP_VSA1,jtvae,digress,0.13140148284817627
SlogP_VSA1,jtvae,defog_strict,0.13507700994832975
SlogP_VSA1,jtvae,defog_relaxed,0.133117892822363
SlogP_VSA1,digress,defog_strict,0.03380616642331288
SlogP_VSA1,digress,defog_relaxed,0.029547066563136538
SlogP_VSA1,defog_strict,defog_relaxed,0.009863259721857089
SlogP_VSA2,ori,gen_250211_database_allmolecules_main_2_22_confps_timepred_2_22_confps_sinexplicit,0.10143987965347641
SlogP_VSA2,ori,jtvae,0.14464098513679793
SlogP_VSA2,ori,digress,0.09647275257878497
SlogP_VSA2,ori,defog_strict,0.12938833442623604
SlogP_VSA2,ori,defog_relaxed,0.1274529159235452
SlogP_VSA2,gen_250211_database_allmolecules_main_2_22_confps_timepred_2_22_confps_sinexplicit,jtvae,0.21111054282347863
SlogP_VSA2,gen_250211_database_allmolecules_main_2_22_confps_timepred_2_22_confps_sinexplicit,digress,0.06799646421389262
SlogP_VSA2,gen_250211_database_allmolecules_main_2_22_confps_timepred_2_22_confps_sinexplicit,defog_strict,0.055921262146285414
SlogP_VSA2,gen_250211_database_allmolecules_main_2_22_confps_timepred_2_22_confps_sinexplicit,defog_relaxed,0.05653486597450076
SlogP_VSA2,jtvae,digress,0.17273078293630076
SlogP_VSA2,jtvae,defog_strict,0.20942933983024573
SlogP_VSA2,jtvae,defog_relaxed,0.2064514624711893
SlogP_VSA2,digress,defog_strict,0.052155388488355534
SlogP_VSA2,digress,defog_relaxed,0.04909330683529314
SlogP_VSA2,defog_strict,defog_relaxed,0.009116546196497852
SlogP_VSA3,ori,gen_250211_database_allmolecules_main_2_22_confps_timepred_2_22_confps_sinexplicit,0.045635346527594614
SlogP_VSA3,ori,jtvae,0.05239269862306172
SlogP_VSA3,ori,digress,0.047640946308029106
SlogP_VSA3,ori,defog_strict,0.060778989550040276
SlogP_VSA3,ori,defog_relaxed,0.05245122965022455
SlogP_VSA3,gen_250211_database_allmolecules_main_2_22_confps_timepred_2_22_confps_sinexplicit,jtvae,0.13331229488613466
SlogP_VSA3,gen_250211_database_allmolecules_main_2_22_confps_timepred_2_22_confps_sinexplicit,digress,0.12800022011908552
SlogP_VSA3,gen_250211_database_allmolecules_main_2_22_confps_timepred_2_22_confps_sinexplicit,defog_strict,0.13464043391495858
SlogP_VSA3,gen_250211_database_allmolecules_main_2_22_confps_timepred_2_22_confps_sinexplicit,defog_relaxed,0.1236307552380469
SlogP_VSA3,jtvae,digress,0.14229498602746848
SlogP_VSA3,jtvae,defog_strict,0.16189264417792595
SlogP_VSA3,jtvae,defog_relaxed,0.156939117393301
SlogP_VSA3,digress,defog_strict,0.03912675361932042
SlogP_VSA3,digress,defog_relaxed,0.03826210376130501
SlogP_VSA3,defog_strict,defog_relaxed,0.01304796879326546
SlogP_VSA4,ori,gen_250211_database_allmolecules_main_2_22_confps_timepred_2_22_confps_sinexplicit,0.09121826122568066
SlogP_VSA4,ori,jtvae,0.055139924571203563
SlogP_VSA4,ori,digress,0.05071237160657834
SlogP_VSA4,ori,defog_strict,0.06727082142457091
SlogP_VSA4,ori,defog_relaxed,0.0648751638503202
SlogP_VSA4,gen_250211_database_allmolecules_main_2_22_confps_timepred_2_22_confps_sinexplicit,jtvae,0.18397596535473573
SlogP_VSA4,gen_250211_database_allmolecules_main_2_22_confps_timepred_2_22_confps_sinexplicit,digress,0.13405853214806238
SlogP_VSA4,gen_250211_database_allmolecules_main_2_22_confps_timepred_2_22_confps_sinexplicit,defog_strict,0.11569646319849629
SlogP_VSA4,gen_250211_database_allmolecules_main_2_22_confps_timepred_2_22_confps_sinexplicit,defog_relaxed,0.13700283111346057
SlogP_VSA4,jtvae,digress,0.14245562949511115
SlogP_VSA4,jtvae,defog_strict,0.14251970914291467
SlogP_VSA4,jtvae,defog_relaxed,0.18341984828988717
SlogP_VSA4,digress,defog_strict,0.0420983138123047
SlogP_VSA4,digress,defog_relaxed,0.05277216579910828
SlogP_VSA4,defog_strict,defog_relaxed,0.08199728787631436
SlogP_VSA5,ori,gen_250211_database_allmolecules_main_2_22_confps_timepred_2_22_confps_sinexplicit,0.10572765659927355
SlogP_VSA5,ori,jtvae,0.10590674643709981
SlogP_VSA5,ori,digress,0.0828252422388111
SlogP_VSA5,ori,defog_strict,0.09650828688774205
SlogP_VSA5,ori,defog_relaxed,0.11052381703621125
SlogP_VSA5,gen_250211_database_allmolecules_main_2_22_confps_timepred_2_22_confps_sinexplicit,jtvae,0.17546424796484222
SlogP_VSA5,gen_250211_database_allmolecules_main_2_22_confps_timepred_2_22_confps_sinexplicit,digress,0.08947137306226545
SlogP_VSA5,gen_250211_database_allmolecules_main_2_22_confps_timepred_2_22_confps_sinexplicit,defog_strict,0.08922022079361291
SlogP_VSA5,gen_250211_database_allmolecules_main_2_22_confps_timepred_2_22_confps_sinexplicit,defog_relaxed,0.09420795875944368
SlogP_VSA5,jtvae,digress,0.10295817383006507
SlogP_VSA5,jtvae,defog_strict,0.11127663272280781
SlogP_VSA5,jtvae,defog_relaxed,0.12000864284881253
SlogP_VSA5,digress,defog_strict,0.0345230515261484
SlogP_VSA5,digress,defog_relaxed,0.04536640035208258
SlogP_VSA5,defog_strict,defog_relaxed,0.016218664950534728
