,Feature,Category1,Category2,JS_Distance
0,BertzCT,ori,gen_250209_database_allmolecules_main_2_22_sinfps_timepred_2_22_sinfps_sinexplicit,0.1503383018803222
1,BertzCT,ori,jtvae,0.364142649288881
2,BertzCT,ori,digress,0.22528788426506063
3,BertzCT,ori,defog_strict,0.19503807831199318
4,BertzCT,ori,defog_relaxed,0.19235414887364902
5,BertzCT,gen_250209_database_allmolecules_main_2_22_sinfps_timepred_2_22_sinfps_sinexplicit,jtvae,0.3957016309436085
6,BertzCT,gen_250209_database_allmolecules_main_2_22_sinfps_timepred_2_22_sinfps_sinexplicit,digress,0.1027704480047819
7,BertzCT,gen_250209_database_allmolecules_main_2_22_sinfps_timepred_2_22_sinfps_sinexplicit,defog_strict,0.06493520172874796
8,BertzCT,gen_250209_database_allmolecules_main_2_22_sinfps_timepred_2_22_sinfps_sinexplicit,defog_relaxed,0.06350980847368508
9,BertzCT,jtvae,digress,0.3443846923548995
10,BertzCT,jtvae,defog_strict,0.3462380196832266
11,BertzCT,jtvae,defog_relaxed,0.3420482503231644
12,BertzCT,digress,defog_strict,0.04839931658118077
13,BertzCT,digress,defog_relaxed,0.04730600764044486
14,BertzCT,defog_strict,defog_relaxed,0.010177113915354781
15,MolLogP,ori,gen_250209_database_allmolecules_main_2_22_sinfps_timepred_2_22_sinfps_sinexplicit,0.05893730847805878
16,MolLogP,ori,jtvae,0.22828312571649836
17,MolLogP,ori,digress,0.05799149769584412
18,MolLogP,ori,defog_strict,0.03938871918402596
19,MolLogP,ori,defog_relaxed,0.0378777390735756
20,MolLogP,gen_250209_database_allmolecules_main_2_22_sinfps_timepred_2_22_sinfps_sinexplicit,jtvae,0.3164174786101064
21,MolLogP,gen_250209_database_allmolecules_main_2_22_sinfps_timepred_2_22_sinfps_sinexplicit,digress,0.05496184041362935
22,MolLogP,gen_250209_database_allmolecules_main_2_22_sinfps_timepred_2_22_sinfps_sinexplicit,defog_strict,0.052497674738086794
23,MolLogP,gen_250209_database_allmolecules_main_2_22_sinfps_timepred_2_22_sinfps_sinexplicit,defog_relaxed,0.06088707501992368
24,MolLogP,jtvae,digress,0.2772450668072185
25,MolLogP,jtvae,defog_strict,0.2589430226131334
26,MolLogP,jtvae,defog_relaxed,0.2523317639272208
27,MolLogP,digress,defog_strict,0.029676774306462504
28,MolLogP,digress,defog_relaxed,0.03639890899583523
29,MolLogP,defog_strict,defog_relaxed,0.013772775109173917
30,MolWt,ori,gen_250209_database_allmolecules_main_2_22_sinfps_timepred_2_22_sinfps_sinexplicit,0.04992085117081626
31,MolWt,ori,jtvae,0.27303903577704
32,MolWt,ori,digress,0.10728545583334306
33,MolWt,ori,defog_strict,0.12708505284149438
34,MolWt,ori,defog_relaxed,0.1198382994913967
35,MolWt,gen_250209_database_allmolecules_main_2_22_sinfps_timepred_2_22_sinfps_sinexplicit,jtvae,0.49813327835760923
36,MolWt,gen_250209_database_allmolecules_main_2_22_sinfps_timepred_2_22_sinfps_sinexplicit,digress,0.08000927802013186
37,MolWt,gen_250209_database_allmolecules_main_2_22_sinfps_timepred_2_22_sinfps_sinexplicit,defog_strict,0.0997396485521932
38,MolWt,gen_250209_database_allmolecules_main_2_22_sinfps_timepred_2_22_sinfps_sinexplicit,defog_relaxed,0.09030708256543424
39,MolWt,jtvae,digress,0.3276664012545866
40,MolWt,jtvae,defog_strict,0.34357517728012815
41,MolWt,jtvae,defog_relaxed,0.33884479128025996
42,MolWt,digress,defog_strict,0.06046019284438809
43,MolWt,digress,defog_relaxed,0.050846783126603415
44,MolWt,defog_strict,defog_relaxed,0.012799794447539025
45,TPSA,ori,gen_250209_database_allmolecules_main_2_22_sinfps_timepred_2_22_sinfps_sinexplicit,0.03702499931581834
46,TPSA,ori,jtvae,0.20585001875240377
47,TPSA,ori,digress,0.12892674574768645
48,TPSA,ori,defog_strict,0.12934736949143968
49,TPSA,ori,defog_relaxed,0.14429528770251984
50,TPSA,gen_250209_database_allmolecules_main_2_22_sinfps_timepred_2_22_sinfps_sinexplicit,jtvae,0.1982143954178294
51,TPSA,gen_250209_database_allmolecules_main_2_22_sinfps_timepred_2_22_sinfps_sinexplicit,digress,0.10329341196542825
52,TPSA,gen_250209_database_allmolecules_main_2_22_sinfps_timepred_2_22_sinfps_sinexplicit,defog_strict,0.10566594343395103
53,TPSA,gen_250209_database_allmolecules_main_2_22_sinfps_timepred_2_22_sinfps_sinexplicit,defog_relaxed,0.12193355441665833
54,TPSA,jtvae,digress,0.21603156556204842
55,TPSA,jtvae,defog_strict,0.21706789582866529
56,TPSA,jtvae,defog_relaxed,0.2371534468717488
57,TPSA,digress,defog_strict,0.020413039458611573
58,TPSA,digress,defog_relaxed,0.033397495325129194
59,TPSA,defog_strict,defog_relaxed,0.026098251688934912
60,NumHAcceptors,ori,gen_250209_database_allmolecules_main_2_22_sinfps_timepred_2_22_sinfps_sinexplicit,0.05245842698700923
61,NumHAcceptors,ori,jtvae,0.1481622187274542
62,NumHAcceptors,ori,digress,0.14964525712123905
63,NumHAcceptors,ori,defog_strict,0.1380805598338966
64,NumHAcceptors,ori,defog_relaxed,0.13405459440454
65,NumHAcceptors,gen_250209_database_allmolecules_main_2_22_sinfps_timepred_2_22_sinfps_sinexplicit,jtvae,0.17718122799979324
66,NumHAcceptors,gen_250209_database_allmolecules_main_2_22_sinfps_timepred_2_22_sinfps_sinexplicit,digress,0.10733293031006125
67,NumHAcceptors,gen_250209_database_allmolecules_main_2_22_sinfps_timepred_2_22_sinfps_sinexplicit,defog_strict,0.09651674904416907
68,NumHAcceptors,gen_250209_database_allmolecules_main_2_22_sinfps_timepred_2_22_sinfps_sinexplicit,defog_relaxed,0.09194863367014543
69,NumHAcceptors,jtvae,digress,0.21360999818497783
70,NumHAcceptors,jtvae,defog_strict,0.20817202898511042
71,NumHAcceptors,jtvae,defog_relaxed,0.2036060791498107
72,NumHAcceptors,digress,defog_strict,0.022776156609307485
73,NumHAcceptors,digress,defog_relaxed,0.023110418469167802
74,NumHAcceptors,defog_strict,defog_relaxed,0.008623844481204762
75,NumHDonors,ori,gen_250209_database_allmolecules_main_2_22_sinfps_timepred_2_22_sinfps_sinexplicit,0.21347620083515448
76,NumHDonors,ori,jtvae,0.04378913705717727
77,NumHDonors,ori,digress,0.06953293894597139
78,NumHDonors,ori,defog_strict,0.05549594474821187
79,NumHDonors,ori,defog_relaxed,0.07031351723734817
80,NumHDonors,gen_250209_database_allmolecules_main_2_22_sinfps_timepred_2_22_sinfps_sinexplicit,jtvae,0.2312025698721981
81,NumHDonors,gen_250209_database_allmolecules_main_2_22_sinfps_timepred_2_22_sinfps_sinexplicit,digress,0.20688381666397918
82,NumHDonors,gen_250209_database_allmolecules_main_2_22_sinfps_timepred_2_22_sinfps_sinexplicit,defog_strict,0.20721093227775766
83,NumHDonors,gen_250209_database_allmolecules_main_2_22_sinfps_timepred_2_22_sinfps_sinexplicit,defog_relaxed,0.2235410365933722
84,NumHDonors,jtvae,digress,0.10499975349201104
85,NumHDonors,jtvae,defog_strict,0.0917144551826193
86,NumHDonors,jtvae,defog_relaxed,0.10385034161064408
87,NumHDonors,digress,defog_strict,0.017608956498187656
88,NumHDonors,digress,defog_relaxed,0.021314626977359946
89,NumHDonors,defog_strict,defog_relaxed,0.023173582609498714
90,NumRotatableBonds,ori,gen_250209_database_allmolecules_main_2_22_sinfps_timepred_2_22_sinfps_sinexplicit,0.0898312987843651
91,NumRotatableBonds,ori,jtvae,0.24806428273948739
92,NumRotatableBonds,ori,digress,0.07502375263899987
93,NumRotatableBonds,ori,defog_strict,0.02639954041647916
94,NumRotatableBonds,ori,defog_relaxed,0.02594714011722764
95,NumRotatableBonds,gen_250209_database_allmolecules_main_2_22_sinfps_timepred_2_22_sinfps_sinexplicit,jtvae,0.2875665818220517
96,NumRotatableBonds,gen_250209_database_allmolecules_main_2_22_sinfps_timepred_2_22_sinfps_sinexplicit,digress,0.059786529981417334
97,NumRotatableBonds,gen_250209_database_allmolecules_main_2_22_sinfps_timepred_2_22_sinfps_sinexplicit,defog_strict,0.10632069174517318
98,NumRotatableBonds,gen_250209_database_allmolecules_main_2_22_sinfps_timepred_2_22_sinfps_sinexplicit,defog_relaxed,0.10677994304851085
99,NumRotatableBonds,jtvae,digress,0.27474007639196224
100,NumRotatableBonds,jtvae,defog_strict,0.22720713657269467
101,NumRotatableBonds,jtvae,defog_relaxed,0.23101019217415522
102,NumRotatableBonds,digress,defog_strict,0.08807683126538549
103,NumRotatableBonds,digress,defog_relaxed,0.08546797386721856
104,NumRotatableBonds,defog_strict,defog_relaxed,0.00867463262102059
105,NumAliphaticRings,ori,gen_250209_database_allmolecules_main_2_22_sinfps_timepred_2_22_sinfps_sinexplicit,0.1557295764298649
106,NumAliphaticRings,ori,jtvae,0.11673021399036572
107,NumAliphaticRings,ori,digress,0.13740868682819826
108,NumAliphaticRings,ori,defog_strict,0.08270839928007609
109,NumAliphaticRings,ori,defog_relaxed,0.06733427045394233
110,NumAliphaticRings,gen_250209_database_allmolecules_main_2_22_sinfps_timepred_2_22_sinfps_sinexplicit,jtvae,0.2580313874897232
111,NumAliphaticRings,gen_250209_database_allmolecules_main_2_22_sinfps_timepred_2_22_sinfps_sinexplicit,digress,0.07248019706259808
112,NumAliphaticRings,gen_250209_database_allmolecules_main_2_22_sinfps_timepred_2_22_sinfps_sinexplicit,defog_strict,0.09411303448935328
113,NumAliphaticRings,gen_250209_database_allmolecules_main_2_22_sinfps_timepred_2_22_sinfps_sinexplicit,defog_relaxed,0.10336159926951721
114,NumAliphaticRings,jtvae,digress,0.23351190067616542
115,NumAliphaticRings,jtvae,defog_strict,0.19484624874222706
116,NumAliphaticRings,jtvae,defog_relaxed,0.17998122251144288
117,NumAliphaticRings,digress,defog_strict,0.0807784668388297
118,NumAliphaticRings,digress,defog_relaxed,0.08771166085154207
119,NumAliphaticRings,defog_strict,defog_relaxed,0.01717777287241121
120,NumAromaticRings,ori,gen_250209_database_allmolecules_main_2_22_sinfps_timepred_2_22_sinfps_sinexplicit,0.06894006410723494
121,NumAromaticRings,ori,jtvae,0.22115054991938476
122,NumAromaticRings,ori,digress,0.14082713663072802
123,NumAromaticRings,ori,defog_strict,0.13147271737719268
124,NumAromaticRings,ori,defog_relaxed,0.12786213111472064
125,NumAromaticRings,gen_250209_database_allmolecules_main_2_22_sinfps_timepred_2_22_sinfps_sinexplicit,jtvae,0.25436142900181147
126,NumAromaticRings,gen_250209_database_allmolecules_main_2_22_sinfps_timepred_2_22_sinfps_sinexplicit,digress,0.10414823529506527
127,NumAromaticRings,gen_250209_database_allmolecules_main_2_22_sinfps_timepred_2_22_sinfps_sinexplicit,defog_strict,0.10309475401026198
128,NumAromaticRings,gen_250209_database_allmolecules_main_2_22_sinfps_timepred_2_22_sinfps_sinexplicit,defog_relaxed,0.1043687544086074
129,NumAromaticRings,jtvae,digress,0.23953904306509902
130,NumAromaticRings,jtvae,defog_strict,0.2238030998800761
131,NumAromaticRings,jtvae,defog_relaxed,0.21392514190757964
132,NumAromaticRings,digress,defog_strict,0.022717644832457366
133,NumAromaticRings,digress,defog_relaxed,0.03290487953455575
134,NumAromaticRings,defog_strict,defog_relaxed,0.013663053429252867
135,internal_similarity,ori,gen_250209_database_allmolecules_main_2_22_sinfps_timepred_2_22_sinfps_sinexplicit,0.06234471330678819
136,internal_similarity,ori,jtvae,0.3875624449788794
137,internal_similarity,ori,digress,0.14976529944670766
138,internal_similarity,ori,defog_strict,0.08665512164380229
139,internal_similarity,ori,defog_relaxed,0.1107575324984333
140,internal_similarity,gen_250209_database_allmolecules_main_2_22_sinfps_timepred_2_22_sinfps_sinexplicit,jtvae,0.38096428891352363
141,internal_similarity,gen_250209_database_allmolecules_main_2_22_sinfps_timepred_2_22_sinfps_sinexplicit,digress,0.15293472522747745
142,internal_similarity,gen_250209_database_allmolecules_main_2_22_sinfps_timepred_2_22_sinfps_sinexplicit,defog_strict,0.10530047154546308
143,internal_similarity,gen_250209_database_allmolecules_main_2_22_sinfps_timepred_2_22_sinfps_sinexplicit,defog_relaxed,0.12404189337711585
144,internal_similarity,jtvae,digress,0.5020263506561239
145,internal_similarity,jtvae,defog_strict,0.31728918034581644
146,internal_similarity,jtvae,defog_relaxed,0.2905335620021222
147,internal_similarity,digress,defog_strict,0.22897527473734425
148,internal_similarity,digress,defog_relaxed,0.251608754951299
149,internal_similarity,defog_strict,defog_relaxed,0.04266484976076183
